,posts,label
0,Got my first tattoo! Credits to _alexbadea_ on instagram.,1
1,The Joker as portrayed in The Dark Knight was ranked number 7 on CineFix (one of the smartest YouTube channels out there)'s Top 10 Movie Villains of All Time,1
2,I did a Joker Sculpture and wanted to share it with you (credit u/MelAngEsc),1
3,"This is a very atmospheric, eerie playlist to listen while reading darker comic books (Batman: The Cult, The Killing Joke etc). Hope you enjoy it as much as I do!",1
4,da fuq?,1
5,"Congratulations, /r/Joker! You are Subreddit of the Day!",1
6,Crazy theory that just sparked in my mind,1
7,This is a selection of songs from comic-based TV shows. Hope you enjoy!,1
8,The Live Action Jokers Digital Art,1
9,Graphic Novels,1
10,Joaquin not the Joker?,1
11,"My ""Joker"" Movie Theory",1
12,The Joker amoled wallpaper,1
13,Joaquin Phoenix offers one final glimpse of The Joker on set as production wraps in New York City,1
14,Joaquin Phoenix Wraps Up Filming ‚ÄòJoker‚Äô in NY - He Finally Stops Running,1
15,Joaquin Phoenix as Arthur Fleck in The Joker (2019),1
16,Joker (crayons),1
17,Set photo of the Joker from the movie The Joker (2019) portrayed by Joaquin Phoenix.,1
18,"JOKER - Teaser Trailer (2019) Joaquin Phoenix, Robert De Niro, Zazie Beetz, DC Movie - Fan-made Concept Edit",1
19,Everything We Know about Joaquin's Joker Thus Far,1
20,Joker and moriarty,1
21,Why Gotham Season 5 probably WON'T feature The Joker,1
22,New Footage of Joaquin Phoenix Filming ‚ÄòJoker‚Äô in a Rainy NY Alley,1
23,Joker Hit By Car For Stunt Scene - Joaquin Phoenix in Full Makeup and Costume,1
24,What If He Looked Like That? @Bosslogic,1
25,Can‚Äôt find this comic. Please help.,1
26,JOKAH BABY goes for a walk,1
27,Joaquin Phoenix Joker Costume Dangerous Scene,1
28,JOKER: Gotham City PD Chases Down The Clown Prince Of Crime In New Set Photos,1
29,The most disturbing joker I‚Äôve ever seen.,1
30,The most disturbing joker ive ever seen,1
31,Joker tattoo by Eliel Mendes,1
32,Prediction: the new movie will be like Breaking Bad (spoilers?),1
33,Actors for the role?,1
34,Joaquin Phoenix as The Joker. Done in Procreate on my iPad Pro.,1
35,The Joker Sixth Scale Figure,1
36,The addition of the joker face completely changed the intended message on the break room dry-erase.,1
37,Jared Leto,1
38,Death of the family,1
39,"What's your favorite version of the Joker out of cinematic, comic book, and videogame versions?",1
40,"Halloween Edit, 2018.",1
41,Why Do We Love Villains?,1
42,Batman Ninja Netflix Movie Review,1
43,"No kidding! Remember, he's a criminal lunatic... but at least he's an AMERICAN criminal lunatic!",1
44,On set. Five minute break.,1
45,Smile,1
46,A little late but i thought u guys might like this. Not the best but im still proud.,1
47,"""I believe whatever doesn't kill you, simply makes you stranger!""",1
48,The Real Dark Knight Joker Creator (with makeup pic in comments and mask details),1
49,My Combination of Mr. J + Prince lyrics,1
50,Who can tell these joker laughing sounds where from?,1
51,Joker (1989),1
52,My Halloween Joker costume during my art show last weekend.,1
53,"The Joker, pencils drawing by Stephen Ward",1
54,Got inspired by the teaser for the upcoming joker movie :),1
55,Joker and other character by Tim Burton,1
56,Art by Vincent Van Gogh,1
57,Pastel Goth Joker,1
58,The Dark Knight Chronicles - Rise of the Joker,1
59,Debuted this cosplay the other night,1
60,Trunk or Treat üëª,1
61,Clown Royale Animation,1
62,Joaquin phoenix Joker,1
63,Joaquin Phoenix's JOKER Look May Have Been Lifted From Unused THE DARK KNIGHT Concept Art,1
64,Happy Birthday to Joaquin Phoenix!,1
65,Photo: No one knew who I was except for this one.,1
66,Fanmade Joker Transformation Graphic,1
67,"PHOTO: All the TDK heist masks, even a couple that didn‚Äôt make the final film.",1
68,Joker pushing people into water,1
69,GOTHAM: Cameron Monaghan's Jeremiah Goes Full Joker In This New Season 5 BTS Image,1
70,The Joker Returns (For Real This Time) in Batman Beyond,1
71,Joaquin Phoenix 2019 Joker Digital Art,1
72,ROGUE ONE Actor Alan Tudyk Will Voice The Joker In DC Universe HARLEY QUINN Animated Series,1
73,Joker Fan Art by Scarborough Tattoo Parlor,1
74,Joker &amp; Young Bruce Wayne,1
75,Todd Philips Joker Gets Its Alfred and a Young Bruce Wayne,1
76,Joker Fan Art by Valentina Glebova,1
77,Gotham's The Valeska Brothers Digital Art,1
78,Joker 2019 is OVER-HYPED! - REALITY,1
79,Brett Cullen as Thomas Wayne in Joker,1
80,"Exclusive: ‚ÄòJoker‚Äô Actor Shea Whigham Reveals Who He Plays, Teases Unique Filming Experience",1
81,Joker Tattoo by Scarborough‚Äôs Tattoo Parlor,1
82,Joaquin Phoenix Falls Hard While Filming ‚ÄòJoker‚Äô in NYC,1
83,Im hyped for the film but i just had a terrible thought,1
84,Fancraft Joker Bust in Resin,1
85,Joker - Ra's Al Ghul - Lazarus Pit,1
86,Really wish they approached the marketing of Joker more subtly,1
87,They all float,1
88,I drew the joker last night,1
89,Does anyone have this? I want it sooo bad!,1
90,"ü§° ‚ÄúThe Joker‚Äù ü§° Filming in Newark, NJ Starring: Joaquin Phoenix",1
91,New Joker picture teases serious trouble for Joaquin Phoenix's villain,1
92,Joaquin Phoenix cackles maniacally as he gets hauled away in a police car during Joker filming in New Jersey,1
93,Joaquin Phoenix's Joker Set Photos Seemingly Show a Big Plot Point,1
94,Joker smoking a cigarette while walking past cops,1
95,Cameron Monaghan is the best joker,1
96,This leaked photo reminded me of the scene from The King of Comedy. They say The Joker movie is inspired by The King of Comedy.,1
97,Joker - Joaquin Phoenix by Gabriel Soares,1
98,Joaquin Phoenix‚Äôs Joker Makes a Run for It While Filming,1
99,"Just got home from the Joker set, here in Newark, NJ.",1
100,Joaquin Phoenix dons goofy clown make-up and costume as he films scenes for The Joker in NYC,1
101,Made the joker out of duck tape,1
102,Joker tattoo by Paul Johnson,1
103,SR #16- The New Joker Movie Death (100th Video!),1
104,Can someone remove the text from these HD pics of Joaquin Phoenix's Joker?,1
105,New Tattoo I got on Tuesday! Done by @JoelJenkins,1
106,Joker - The Years (Crosses),1
107,First trailer finally out. Looks lit!!!,1
108,Joker tattoo by Troy Slack Ink,1
109,My first attempt to draw my favorite Joker with just my finger (No stylus),1
110,My opinion on the WORST thing Joker has ever done,1
111,Do I really look like a guy with a plan?,1
112,Today There's Exactly One Year to Go Until the Joaquin Phoenix üÉè Joker Movie! üìΩüé¨,1
113,Will Joaquin Phoenix make the Joker great again?,1
114,Gotham‚Äôs Joker With His Smile,1
115,A minor edit of the camera test Joker,1
116,I Drew Joaquin Phoenix‚Äôs Joker! It took me a while and I got the pose from one of the set photos. What do you guys think?,1
117,Amazing art of Joaquin‚Äôs joker,1
118,We live in a society,1
119,Makeup Inspiration for Halloween,1
120,Drawing Joaquin phoenix's joker,1
121,Joaquin Phoenix as The Joker!!,1
122,Joaquin Phoenix as Joker (speedpaint by Varjopihlaja),1
123,better j?,1
124,True Love...,1
125,Joker tattoo by Roman Kor,1
126,Animating Joaquin Phoenix's Joker to the Dark Knight and 8mm,1
127,A thought..,1
128,Joker,1
129,.,1
130,"Have a laugh boy, for your end is near üÉè",1
131,Why The Joker Origin Movie Will Be Great,1
132,Love this design so much i needed to draw it (i know its probably not the offical look but it still looks mint) IG - @redunitink,1
133,Time to fool the fools into thinking you‚Äôre the fool,1
134,Can somebody try take the red off his nose and the fake red eyebrows off and tag me so I can see it,1
135,Does any1 else think this new joker is gonna be a modern version of Ledger's joker?,1
136,What I see when I see Joaquin's Joker... friendo.,1
137,First look at Joaquin Phoenix as The Joker!!,1
138,Found a few more Joker set pics on Instagram.,1
139,[Nerdist] Tommy Wiseau‚Äôs ‚ÄúThe Dark Knight‚Äù,1
140,I got this...,1
141,Is anyone else a bit worried...?,1
142,Joaquin Phoenix Joker Digital Art,1
143,I fixed the Jokers makeup.,1
144,Some movies to watch movies on the hype train,1
145,The ‚ÄúComedian Suit‚Äù,1
146,I‚Äôm so serious !!,1
147,"I know some people are skeptical, but I know that I'm hyped.",1
148,Joaquin in action,1
149,[FAN-ART] Arthur Fleck / Joker,1
150,I‚Äôm so excited for this movie :))))))),1
151,Videos: First On Set Footage of Joaquin Phoenix's Joker Posted Today,1
152,Jokers music taste,1
153,Shouldnt he be like in his early 20s?,1
154,Joker makeup test,1
155,Joker's Wild: Scene One (with Joker impression),1
156,Joaquin Phoenix‚Äôs Joker makeup revealed,1
157,News: The Joker and Harley Spinoff Script is Complete,1
158,Could the ‚ÄúPhoenix Joker‚Äù belong to the Nolan Universe?,1
159,Joker,1
160,Joker123 ‡πÇ‡∏à‡πä‡∏Å‡πÄ‡∏Å‡∏≠‡∏£‡πå123 ‡∏™‡∏•‡πá‡∏≠‡∏ï‡∏ó‡∏µ‡πà‡πÑ‡∏î‡πâ‡∏£‡∏±‡∏ö‡∏Ñ‡∏ß‡∏≤‡∏°‡∏ô‡∏¥‡∏¢‡∏°,1
161,Plot of Movie,1
162,Joker makeup speculation on how he becomes the Joker we know and love,1
163,Joaquin Phoenix as The Joker,1
164,Made some minor changes to make it a bit more haunting,1
165,Another Joaquin Phoenix Joker photoshop,1
166,Skills to kill...,1
167,Hmm I think DC Universe is a tad off . . .,1
168,Welcome to the amusement mile,1
169,John MatrixX Talks Movies (@JohnTaks),1
170,First official image of Joaquin Phoenix in Joker,1
171,"A few weeks ago my friends and I did a few photoshoots of my Joker costumes. Sharing here in honor of Batman day, hope you guys enjoy!",1
172,My by theory about the Joker's possible mental illnesses and personality disorders,1
173,Top 10 Batman Arkham Villains,1
174,Joker is always watching me,1
175,My Joker Impression.,1
176,Joaquin Phoenix Joker Digital Art,1
177,My Joker bracelet,1
178,Joker Monologue,1
179,Batman: 'Hush',1
180,Took a gamble at a casino.,1
181,The Jokers Digital Art by Chroldur,1
182,My Joker Makeup Look,1
183,News: Todd Philips Teases Production Start on The Joker Starring Joaquin Phoenix,1
184,Joker by ShairysBj,1
185,Trump Tweets read by Villains,1
186,Joker portrait - mixed medium on paper - 11x14‚Äù,1
187,The Joker (11x14 oil on canvas),1
188,"The pen,,",1
189,"10 Years After its Release, Video Shows How ‚ÄòThe Dark Knight‚Äôs Joker Was Born",1
190,This will blow you away,1
191,Dark knight Joker Lapel Pin,1
192,"Are the jokers balls green, white, or purple?",1
193,Joker Drawing with Ball Point Pen,1
194,How Heath Ledger's Joker Was Born,1
195,Every Cinematic Batman Movie RANKED!,1
196,Joker Harley Statue based on Alex Ross work shot in different styles.,1
197,I made myself jokery. Will the real slim shady please stand up? [OC],1
198,HAHAHA [OC],1
199,New Mystery Character Description For 'Joker' Origin Movie Revealed,1
200,News: Glow Star Marc Maron To Join Joaquin Phoenix Joker Movie,1
201,Digital Art: Gotham's Jerome Valeska,1
202,INSANE Detailed Joker Airbrush t-shirt Art,1
203,INSANE Detailed Joker Comic Airbrush T-shirt | LIVE ART STREAM,1
204,The Joker Violin Project (Violin Metal),1
205,Finaly!!!,1
206,JOAQUIN as JOKER,1
207,Jerry Robinson signed book for sale! Anyone interested?,1
208,The Joker | The Dark Knight 10 Year Anniversary via @getFANDOM,1
209,The Joker Blogs celebrates the 10th Anniversary of TDK with a teaser for the final 3 episodes of Series 2,1
210,THEYRE COMING TO TAKE ME AWAY,1
211,Very funny video!! (When your parents get a call from your school.) üòÇ,1
212,I just painted this Black Light UV Joker shirt. WDY think?,1
213,Here‚Äôs my Joker/The Killing Joke tattoo,1
214,Got to meet Troy Baker again and gush over how much I loved his performance in Arkham Origins. Also gave him a custom Funko Pop I made.,1
215,Joker Standalone Movie Announced &amp;amp; New Info,1
216,Batman Joker airbrush t-Shirt Art,1
217,My Joker Drawing from The Dark Knight‚ÄîWith Prismacolor Pencils (misch.bigcartel.com),1
218,Top 15 Batman: The Animated Series Villains,1
219,INSANE Joker Car Custom Candy Fire Paint Job | Ford Mustang GT,1
220,"‚ÄúMadness, as you know, is a lot like gravity. All it takes is a little push.‚Äù",1
221,REAL FACE JOKER!!!,1
222,[Alex Ross] Portraits of Villainy: The Joker,1
223,Enjoy The Popular Joker123 Game With Top Agen Casino - Okewin,1
224,Every On-Screen Death of The Joker RANKED!,1
225,Made this joker piece and I think you guys will appreciate it! Let me know what you think! Insta: @zjs_photo_design,1
226,Best of the Joker Laugh Compilation,1
227,My Joker tattoo (work in progress),1
228,joker's existence,1
229,"DC Nation 2 Joker, batman catwoman wedding crasher by Rafael Albuquerque (july 2018)",1
230,"Joker from the Dark Knight, airbrush and coloured pencils by Jonathan Knight",1
231,Don't you just love the joker! :),1
232,INSANE Joker Car Custom Candy Fire Paint Job | Ford Mustang GT,1
233,Robert DeNiro Eyed For A Role In Joaquin Phoenix Joker Movie,1
234,A new Joker?,1
235,Mezco Toyz Exclusive The Joker Deluxe Edition Review,1
236,Joker figure from Mezco!,1
237,My Joker II,1
238,A really cool Arkham Asylum and TDK Joke mashup. Would make for a great print too!,1
239,Three Amazing Joker Images Tweeted by Alex Ross,1
240,My Joker,1
241,Happy National Smile Day.,1
242,Evolutions of Joker in Medias,1
243,Is the Joker movie coming out in 2019 (produced by Martin Scorsese) a prequel to heath ledger‚Äôs the dark knight joker?,1
244,INSANE Joker Car Custom Candy Fire Paint Job | Ford Mustang GT,1
245,Epic Joker in Acrylic,1
246,"[SEASON 4 SPOILERS] To any Jeremiah fans, I made a video tribute for him!",1
247,The Joker Character Analysis,1
248,"Joker, fan drawing by Benjamin Davis",1
249,My Voice Acting for The Joker,1
250,"Way to go Wikipedia! Listing the actors in the right order, best to worst!",1
251,Brief video on THE JOKER (FACE OF INSANITY) LIFE-SIZE BUST.,1
252,Joker Fan Art,1
253,Jokemobile part I,1
254,Joker becomes Sane and beats Batman?,1
255,Stranger,1
256,He would make a good Joker...,1
257,Video on THE JOKER'S CALLING CARD STATUE from Cryptozoic.,1
258,"injustice4all/wildcards was mark at his best(the producers who asked him to tone it down for the nonflashback scenes in rotj should be shot..and god he was so bad in tkj for same reasons, as jl action has show), and its been downhill since arkham,changemymind",1
259,"[Gotham] Made a pretty profound Jerome video, 'cause his character is truly something else, such an interesting guy...also ya gotta love Cameron Monaghan Check it outtt!",1
260,Prince of Crime drawing by Tom Chanth Art,1
261,The Joker by Underseaspots,1
262,Joker by ColdGray Tattoo,1
263,Solve this riddle,1
264,The DCEU Joker is robin and could Tim Drake not Jason Todd,1
265,Why the joker has black eye shadow. (Theory),1
266,What is your favorite Joker quote?,1
267,Joker tattoo by Pablo Ortiz,1
268,Customized Tattoo i jus got done,1
269,Not a lot of love came from /r/wallpapers so let me try here. A lot of wallpapers I see are too elaborate for my tastes so I made something a little more subtle and minimalist,1
270,Good ol‚Äô Jack Napier (pencil portrait),1
271,"Joker pencil portrait, ‚ÄúSmile!‚Äù",1
272,Anyone wanna watch my video today?,1
273,New podcast - 2nd episode is about the Joker,1
274,Joker pencil portrait I drew from ‚ÄúBatman: Endgame‚Äù,1
275,Joker pencil portrait I drew inspired by ‚ÄúThe Killing Joke‚Äù,1
276,If you guys enjoy joker check out my channel. Here‚Äôs today‚Äôs video. Please like and subscribe if you enjoy üòä,1
277,"Redditor asks if you would rather have a laugh or a smile, so I commented with something that has both! :)",1
278,"A drawing I did for a friend of mine, him as the joker",1
279,Tommy Wiseau‚Äôs Joker Audition Tape,1
280,the joker one flew over the cuckoo's nest by m7781,1
281,B&amp;W Joker drawing I did,1
282,Test Your Knowledge : The Joker,1
283,Joker by Khan Tattoo,1
284,(WIP) start of a sleeve,1
285,Routed the Joker on some maple.,1
286,Joker vs The Cowboy,1
287,5 reasons Joaquin Phoenix would be the perfect joker,1
288,"I once read about an alias of the Joker that's associated with Norse mythology,does anyone happen to know about it?",1
289,The 7 Most Twisted Joker Moments in Comic Book History,1
290,Joaquin Phoenix Joker TV News Report,1
291,"The Joker, tattoo by Dave Paulo",1
292,Video on DARK KNIGHT JOKER Paintball Mask.,1
293,[Fan-Art] Joker x Loki Mashup by Masaolab,1
294,Heath Ledger Talks About Jack Nicholson's Joker,1
295,Joker by Francesco Matina,1
296,"JOHN DOE/THE JOKER'S DEFINING MOMENTS - ""WHAT AILS YOU"" (EPISODE 4 - SPOILER ALERT)",1
297,Joker tattoo by Chris Rigoni,1
298,Telltale's Batman Trailer (Episode 4 - What Ails You),1
299,All-Star by Smash Mouth but it's sung by Mark Hamill's Joker,1
300,Batman New World Order Episode 3,1
301,The Trumpster | Hoaxy New Jeers!,1
302,"Happy Birthday, dear Jerry Robinson!!! (The Joker's Father)",1
303,Tom Hardy On Trying To Top Heath Ledger's Joker With Bane In Dark Knight Rises,1
304,"Rare 'In Character' Cesar Romero Interview (talks the Joker, Red Hood, 66 series and etc)",1
305,The Joker's first appearance in Doomsday Clock #2 (SPOILERS),1
306,"Christopher Nolan ""Heath Ledger Was Modern Day Buster Keaton As Joker""",1
307,"Jordan Peterson: Heath Ledger's Joker, Batman &amp; archetypes",1
308,Anyone else think Richard Brake could make a decent Joker?,1
309,Joker Fans Desktop (Windows 10 Customization),1
310,The Best of the Joker (Larry Storch) - Filmation Era (1968's the Adventures of Batman),1
311,Joker by Anton Khalyavny,1
312,It's Simple by RickCelis,1
313,"Zlangle Nerd News - New Harley Spin-Off, Infinity War Trailer, Robin Revealed &amp; More!",1
314,"Joker, oil painting by Ben Jeffery",1
315,Party Time: New JLA Short (feat. The Joker),1
316,Fat Man on Batman: Fitness Edition (featuring a lot of interesting characters... :D),1
317,The Joker meets Jack Nicholson (2000),1
318,Joker tattoo by Timo Nikulshyn,1
319,Other woman in the Joker's life: Cassandra (2000's),1
320,Lego Hulk vs Hulk - Lego Joker,1
321,"""Wanna know how I got these scars?""",1
322,Honest Reviews: Justice League,1
323,Lois Lane &amp; her Star Tattoo (2000's Emperor Joker arc) &amp; Jared's Star Tattoo (2016's Skwad) - Parallel,1
324,Harley Quinn Adult Animated Series Announced,1
325,Joker Cosplay by Arkham Ledger,1
326,John Doe (The Joker) &amp; Bruce Wayne's Private Conversation (No Spoilers) (Telltale's Batman Ep3),1
327,Detective Comics #623 (1990) &amp; its possible connection to Batman Beyond: Return of the Joker (2000),1
328,The Joker Hangover,1
329,Future fighter packs,1
330,WB's Justice League - reviewed by Mr. J (feat. Jared Leto) (No Spoilers),1
331,THE JOKER: The Clown Prince of Crime | What Makes Him INTERESTING?,1
332,Joker by Eric Henson,1
333,JOKER Best scenes of dark night movie,1
334,Joker vs Pennywise. (Not sure if this is a repost but thought it belonged here),1
335,Bugs Bunny &amp; The Joker (What's the deal: Justice League Action),1
336,Joker tattoo by Dmitriy Samohin,1
337,Does the joker feels pain?,1
338,Batman White Knight #2 Review,1
339,Tips on playing the Joker,1
340,JUSTICE LEAGUE ‚Äì THE JOKER TRAILER (#BatmanWeek #JoinTheLeague Contest),1
341,"The Joker: Past, Present and the Future",1
342,My halloween costume this year,1
343,I decided to be the joker for Halloween from a specific scene!,1
344,What do y‚Äôall think üòè,1
345,"Joker, tattoo by A.d. Pancho",1
346,Collection time?,1
347,SKILLET MONSTER,1
348,"Joker, painting by Ben Jeffery",1
349,Joker by Richard Pace,1
350,remember this?,1
351,Does Anyone Know this appearance? How About this Joker Coat should I Buy This One Or Not?,1
352,I drew the Joker,1
353,Wow... I didn't know this sub existed,1
354,Batman White Knight #1 Review,1
355,Mortal Kombat Vs. Injustice,1
356,Joker tattoo by Ben Ochoa,1
357,Inktober Day 2: Divided Joker,1
358,Meeting Jerry Robinson (Joker's Father) (SDCC 2011) (Short Video),1
359,OTHER: SOCIAL MEDIA: Jared Leto loved Mr. Hamill's #Respect post (DCEU discussion; The Joker TV Special on YouTube),1
360,SOCIAL MEDIA: Mark Hamill praises Jared Leto (DCAU + DCEU #Respect #BatmanDay),1
361,Distortion in the madness... hope you like it,1
362,Batman # 31 Spoilers - The Fanboy SEO,1
363,Suicide Squad Shoes,1
364,I work at a gas station. This guy came in. He said that he custom made this jacket. Thought it might be appreciated here.,1
365,OTHER: Mark Hamill approved/certified our special DCAU/DCEU-heavy Joker video project on Twitter (DailyPlanetDC),1
366,Coal,1
367,Conrad Veidt - Actor who inspired the creation of The Joker in Dream Art Generator with cover of The Killing Joke,1
368,"Joker is the one which i Was, Will and Ever Follow. About last Comic Con.",1
369,"I Am Heath Ledger - Crafting the Joker for ""The Dark Knight"" (Spoiler)",1
370,Who wore it better?,1
371,The Joker is Rorscach: Doomsday Clock,1
372,All his friends are heathens!!!,1
373,"Give me a suggestion, What do you think about this suicide squad outfit?",1
374,"Leto in for next 2 DCEU films, but not the Joker Origins movie? ü§î",1
375,Artwork of the Batman Who Laughs,1
376,How great would it be if they got Sebastian Stan to play young Joker while the have Mark Hamill narrating entire movie only to revile in post credit scene Old joker Hamill torturing Jared Leto as Jason Todd. Mind blown...,1
377,Jared Leto &amp; Margot Robbie Will Star in Joker &amp; Harley Quinn Movie,1
378,JOKER ORIGIN MOVIE COMING!!,1
379,Heath leadger~~The joker.,1
380,"Printed and painted Harley and Joker, was printed on ""My creator 6"" , filament PLA, painted with acrylic paint.",1
381,You will be remembered long time.,1
382,"Hey guys, go check out my Joker pov Instagram page: http://instagram.com/the_joker8181",1
383,Amazing piece of art of The Joker,1
384,I think the Joker might be hiding out in Florida...and he supports education.,1
385,Justice League/Flashpoint,1
386,An Interesting Title,1
387,Look at who arrived on the front door!,1
388,Anyone else think this would be a good idea for a Joker movie?,1
389,Hey guys a joke here,1
390,The Trumpster | Crazy Mika and Psycho Joe,1
391,"x-post from r/funny, but I still had a chuckle.",1
392,"Saturday, 1 July 2017 (North American Pacific Summer Time): Mark Hamill's ""The Trumpster"" is FINALLY back!",1
393,Quote of the hottest day ever...,1
394,freaking awesome cosplay.,1
395,BATARANG AND JOKER THROWING CARDS,1
396,An album showing the unboxing of DC Collectibles - DC Designer Series: The Joker by Brian Bolland Statue,1
397,Jerome Valeska - Quote - Animated Text - GOTHAM,1
398,Facts: #7 little known facts,1
399,Marched in pride parade today with balloons and blasting Prince music,1
400,My Joker Tribute,1
401,Just imagine.,1
402,"Painting The Joker - Part 1: Face, Hair and Makeup",1
403,Paul Dini puts the old question to bed,1
404,The Trumpster | A Bloomin' Joke,1
405,"[Arkham photo mode] ""This is how it happened. This is how the Joker died.""",1
406,The Joker and Harley,1
407,Ledger's Joker Motivates Leto's Joker II.,1
408,Can Joker overtake Gandalf in Geek Madness?,1
409,I hope the next big screen adaptation of Joker resembles Arkham games Joker.,1
410,Happy Easter fellow Bozos,1
411,The complete collection of Joker Comic Covers is now complete ‚Ä¢ r/JesterOfGenocide ‚Ä¢,1
412,The Joker is Rorschach Revisited,1
413,"Which is scarier? Venom, or Joker with the knowledge of our hero's true identity?",1
414,Does Joker beat Gandalf?,1
415,Is This the Best Joker Death?,1
416,"Bang Gun Joker, built with LEGO bricks",1
417,My attempt at a Joker grin.,1
418,Basstrick - Clown Party,1
419,So we all know how much everyone hated Jared Leto's Joker but what do you think were some positives of his Joker?,1
420,"It's been awhile since we talked about this, the 3 jokers and their storyline so far.",1
421,Mr. J + Harley = Love,1
422,"The Trump. Upvote this so that people see it when they Google ""Donald Trump"".",1
423,Joker figure from One12Collective by Mezco - Check out their subreddit at r/One12Collective,1
424,The Clown at Midnight is easily the most underrated Joker story.,1
425,Suicide Squad Joker figure by Hot Toys,1
426,Joker fact...joker's untold story..,1
427,The Joker Blogs are possibly returning.,1
428,How would you improve Jared Leto's Joker?,1
429,My new watch has arrived!,1
430,The Trumpsteruskie,1
431,Got this joker tattoo a few months ago.,1
432,Joker POP! Episode 1: Production Meeting,1
433,"Bunch of HD wallpapers i snapped from the SS Bluray :) Enjoy, if you love leto joker",1
434,Saw this guy on the 215-N,1
435,Straight Outta Arkham... crazy motherf***er named Joker,1
436,Ledger's Joker Motivates Leto's Joker.,1
437,The Trumpster | Tapp,1
438,The Batman is The Joker in The Dark Knight - The Philosophy of Yin Yang,1
439,A Perfect World - A Joker Monologue,1
440,My Joker wallpaper collection (28),1
441,Arkham Pants Joker Funko Pop | Damaged Tatoo,1
442,Batman and The Joker go to McDonalds,1
443,Harley Anne Conway Animated | Intelligence,1
444,Harley Quinn‚Äôs Love Triangle w/ Joker &amp; Green Goblin (Real Life Marvel/DC Parody),1
445,The Joker Tribute: Hellish Legacy Of Madness Made By Me.,1
446,Joker painting I did,1
447,A young Joker,1
448,New Joker-inspired song by St. Nero,1
449,Funny Jokes of the day,1
450,"Insanely good Joker graffiti, Melbourne, Australia. Artist; Owen Dippie.",1
451,A Joker in the Night,1
452,The Joker comes clean,1
453,"kill kill, shoot shoot by sibandit",1
454,Women's March 2017 Los Angeles Interview,1
455,American media should re-evaulate their standards IMO,1
456,Madness - Dark Knight Tribute,1
457,Why Joker is the most dangerous of them all.,1
458,I photoshop celebs into vintage portraits (for fun) - thought you guys might appreciate my newest one,1
459,JOKER (The Dark Knight) Vs JOKER (Suicide Squad) - MMU: Episode 5,1
460,Evolution Of Joker In Movies &amp; Cartoons!,1
461,Even The Joker Has Boundaries In How Evil He Is,1
462,Heath Ledger's Joker Black &amp; White Desktop Wallpaper,1
463,"Don't know if this is a repost, but so good",1
464,Joker and Harley Quinn UNCUT - The Car Chase,1
465,A look at why the Joker is Batman's perfect antagonist,1
466,Joker Fanart,1
467,So the Joker is jump starting a woman's car outside of the bar I am drinking at.,1
468,Iron Joke,1
469,Penguin and Joker join forces,1
470,Pieced together this Joker costume for my work Halloween party and my coworkers don't know who I'm supposed to be. This office needs an enema.,1
471,My friend's daughter makes a terrifying Joker,1
472,Joker falling apart [Music video],1
473,Typographic Joker Scene,1
474,Aesthetic wise what live action Joker do you think looks the best?,1
475,On the subject of Harley Quinn....,1
476,Which portrayal of the joker is the strongest?,1
477,What animation showed the darkest version of Joker?,1
478,Joker Evolution From start since now,1
479,Why is it impossible for Batman and the GCPD to find out who the Joker really is?,1
480,What's your favorite version of the Joker?,1
481,Commission Suicide Squad: Joker by morphews,1
482,The Trumpster Strikes Back,1
483,Batman Shadow of the Bat #37 &amp; 38 from 1995 covers by Brian Stelfreeze,1
484,The Trumpster Returns,1
485,Trumpster Animated,1
486,My pet,1
487,Does anyone know which book/series these panels are from? (83% sure they are from two different ones.),1
488,The whole,1
489,Is this your card?,1
490,The joker only has one question...,1
491,The abusive relationship between the Joker and Harley was not the reason they cut the couple's scenes.,1
492,Joker's philosophy,1
493,"Christmas gift from my boss this year, thought you would enjoy :)",1
494,I painted this Joker for my secret Santa at work. Thanks for looking!,1
495,My wife painted her take on the Joker,1
496,That time I bumped into WWE's William Regal &amp; Eugene on Halloween dressed as The Joker ‚ò∫,1
497,Joker oilpainting- timelapse :),1
498,Best The Joker actor of all time?,1
499,DC Designer Series: The Joker by Brian Bolland Statue by DC Collectibles,1
500,10 Things DC Wants You To Forget About The Joker,1
501,Joker comics covers slideshow,1
502,If Christopher Nolan was behind Suicide Squad how do you think Joker would have turned out?,1
503,"Got my Joker Black and White Statue, Frank Miller version!",1
504,How The Joker In Suicide Squad Almost Looked,1
505,'The Last Laugh' - @miilo18 (Original Artwork),1
506,One of my favorite panels. Always gives me a chuckle (Sorry if repost),1
507,The most Tragic and Dark Joker Origin,1
508,Joker Quotes,1
509,My fave Joker statue,1
510,Joker Sayings,1
511,Joker by Ariel Olivetti,1
512,#HappyHolidays from Alex Ross on Twitter,1
513,Cool metallic poster I found at a market in Washington DC,1
514,People Still Love Leto's joker!,1
515,Joker by Calvin VanKeersbilck,1
516,"""Suicide Squad"" deleted scene, Jared Letos joker has a new level of respect from me",1
517,Joker for President 2016!,1
518,"My first piece, reminding me that I can always escape into madness",1
519,Wondering how you guys like my Halloween costume!,1
520,"""I'm Joker"" Music Video",1
521,#Joker # Jared Leto #Suicide Squad,1
522,Joker quotes,1
523,AND YOU DIDN'T TELL ME ABOUT THIS??? How the Hallivis Bros Reincarnated The Joker &amp; Made Viral Hit... 'The Laughing Man',1
524,I Go Looney Subtitled,1
525,"Video review on SUICIDE SQUAD JOKER STATUE from DC Collectibles. I have most of the set now, except Capt. Boomerang.",1
526,My little Karlee Quinn has her costume ready! ‚ò∫Ô∏è,1
527,Is your Refrigerator Running? People get pissed.,1
528,Joker Crocodile Coat,1
529,It's nothing special but I drew this for you puddin.,1
530,"If you are good at something, never do it for free",1
531,I drew this joker awhile ago in sharpie. It's done in stippling,1
532,Thought you'd like this 'blink-and-you'll miss-it' moment (The Killing Joke),1
533,The Joker: Death of the Family makeup by me,1
534,Has the Joker even been part of The Suicide Squad on the Comics?,1
535,The Dark Knight Falls,1
536,"A bit late to the party, but I thought you guys might dig my costume from Halloween 2008",1
537,Twenty One Pilots: Heathens - Batman: The Killing Joke - Music Video - The Joker Lip Sync Fan Edit,1
538,"Bats, where are you?",1
539,Girlfriend and I at nycc friday :),1
540,I Like Them Already.,1
541,Killer Joker,1
542,"(x-post: r/cosplay) Cosplay Performance: ""Batman: The Killing Joke"" Monologue.",1
543,You've Changed Things Forever...Mr. Leto.,1
544,3 Joker Theory- [Trinity#37],1
545,Anyway Remember This Guy,1
546,Question For Female Users on Their thoughts on the Killing Joke?,1
547,Who needs a laugh and a little backstabbing?,1
548,David Bowie as The Joker,1
549,The Clown Prince's Self-Portrait by James Mascia,1
550,Harley Quinn from Suicide Squad drawn in ball point pen.,1
551,Joker Pumping Iron,1
552,Mr.J by MichelVerdu,1
553,Wouldn't it be cool?,1
554,"I need artwork for a tattoo, best classic animated joker art? Best are gritty ones. Link please!",1
555,Jerome to be The Joker in Gotham Season 3?,1
556,Cousin Ja-,1
557,Has anyone seen 31 by Rob Zombie? If you're a big fan of the Joker you'll love this character Doom-Head,1
558,Fun Facts about The Joker,1
559,He's a real joker,1
560,HA! HA! HA! HA! Crosspost from r/funny,1
561,Did any fans try to convert the lyrics from the Killing Joke comic into a song before the animated film came out?,1
562,My Two Jokers,1
563,Is Harley Quinn pregnant?,1
564,Need help with some joker things.,1
565,You don't own me by kawacy (Harley x Joker),1
566,JOKER REACTS TO SUICIDE SQUAD,1
567,Joker &amp;amp; Harley Quinn‚Äôs Relationship! Real Life DCEU Super-Villain Suicide Squad Parody,1
568,Team Joker,1
569,"Joker's name IS ""there are three""",1
570,"Miss J by Vinz-el-Tabanas (Rule 63 fan art, SFW)",1
571,A Tribute to Crime (Joker Tribute),1
572,Epic Joker song from all the Joker actors and Voice actors,1
573,Who is the second best person to voice the Joker?,1
574,Heath Ledge Joker suit available for preorder,1
575,My Joker Photoshop Page,1
576,Loving my new Joker figure! ( x-post from /r/ActionFigures ),1
577,Was Joker logical?,1
578,The Dark Knight ‚Äî Creating the Ultimate Antagonist by Lessons from the Screenplay,1
579,Have you experience with shoemycolor? Joker Custom Converse,1
580,Does anyone have the Suicide Squad Joker tattoos?,1
581,The Clown Prince (Official Fan Trailer) - DC Comics Joker Movie,1
582,Cool Joker art made for Mark Hamill,1
583,The difference between the Golden Age Joker and Bronze Age Joker characterized in a song.,1
584,What did you think of Leto's Joker?,1
585,Help with tattoo idea.,1
586,Joker runs around town trying to catch pikachu and even reviews the killing joke. He has a lot of time on his hands.,1
587,Tell me what you think?,1
588,The Scottish Joker,1
589,JOKER ORIGINS | Development LORE | Backstory of the Clown Prince of Crime | Comicstorian | LORE,1
590,Joker Fantasy Figure Gallery Statue by Yamato USA,1
591,Best Parody of The Killing Joke,1
592,Review ‚Äì Batman: The Killing Joke,1
593,Joker B&amp;W,1
594,Heath ledger joker was inspired by....,1
595,Strawpoll - What did you think of Leto's Joker?,1
596,More Joker,1
597,Who is the most popular joker? Who is the most famous joker?,1
598,If Heath Ledger was still alive?,1
599,Cesar Romero As The Joker Maquette by Tweeterhead,1
600,Can't find some fantastic concept art online,1
601,The Joker (Batman): The Story You Never Knew,1
602,Fan-Created Comic Gives Batman and the Joker a Harrowing End,1
603,"Just watched batman the killing joke, any more movies with the joker?",1
604,"What If Batman, The Joker, and Harley Quinn's Gend3rs were reversed?",1
605,Epic Joker Super Compilation,1
606,The Joker is Rorschach fan read,1
607,Self as Harley Quinn - friend as Mistah J,1
608,Suicide Squad Review (Joker deserves a solo film),1
609,New Joker and Harley footage in latest ‚ÄòSuicide Squad‚Äô music video,1
610,The villian we deserve,1
611,Oh the wonderful thing about Jokers,1
612,EXCLUSIVE SUICIDE SQUAD REVIEW FT JARED LETO!!!!!!!!,1
613,What if the Joker was there in ‚ÄúThe Dark Knight Rises‚Äù,1
614,"If you watched Suicide Squad,I have a question about Joker",1
615,Top 10 Joker Portrayals,1
616,I painted The Joker on an old skateboard of mine,1
617,Drunk/Cosplay review of Suicide Squad,1
618,Come and Win a Cool Joker and Harley Metals Die-Cast 2-Pack!,1
619,Thoughts on Suicide Squad Joker,1
620,"Joker Fan Comic: ""Elephant in the Room""",1
621,Some of my favorite joker footage of all time,1
622,Cracked Clown,1
623,With Suicide Squad about to release please remember to use the spoiler tags!,1
624,INJUSTICE FOR ALL - [Joker fan film] - NSFW,1
625,Awesome joker pic,1
626,Wanting to give someone that One Bad Day? Play this on repeat in the background whilst doing it.,1
627,Iron Joker (X-Post from r/pics),1
628,My Joker shrine at work!,1
629,Interesting art my friend showed me,1
630,Chaos Clown by Justin Maller,1
631,The Philosophy of The Joker ‚Äì Wisecrack Edition,1
632,Harley offers the Joker some of her pie,1
633,"Review: 'Batman: The Killing Joke' Is Full Of Potential, Lacks Execution",1
634,Animation Destination Podcast discusses Batman: The Killing Joke,1
635,Three Jokers Identity Crisis,1
636,Some Famous Jokers,1
637,Honest Reviews: The Killing Joke,1
638,Killing joke playing card,1
639,Careful.,1
640,My Batman: The Killing Joke Review,1
641,"BATMAN: THE KILLING JOKE REVIEW: HALF BRILLIANT, HALF BORE",1
642,Mark Hamill presented with a custom Joker lightsaber,1
643,SUICIDE SQUAD - Official 'Joker' Trailer,1
644,The Joker- Evolution of an American Boogeyman,1
645,The Joker's BIG Secret!,1
646,The Joker is Rorschach pt. 6 DC Rebirth,1
647,Any new recent comics on Joker?,1
648,Pretty Good Joker and Batman Impression,1
649,I got myself a tattoo as a late birthday gift,1
650,Jared Leto posted this Joker promo for advance tickets to Suicide Squad.,1
651,Mark Hamill Reads New Batman: The Killing Joke Dialogue,1
652,A Joker Wallpaper based on a painting by Ben F Jeffery,1
653,What Is in JOKER Venom? Answer,1
654,Can The Joker Save DC's Cinematic Universe?,1
655,BATMAN: THE KILLING JOKE Official Trailer,1
656,Joker was controlling Batman the whole time in Frank Miller's Batman: The Dark Knight Returns (Part 2),1
657,"Joker's ""Killing Joke"" monologue in 3D",1
658,Joker Anti Racist (2),1
659,The Joker is Rorschach DC Rebirth pt. 5,1
660,My idea for the LAST Joker story ever,1
661,Green Goblin + The Joker = The Laughing Man,1
662,Dr.Seuss's Joker,1
663,"Joker ""American Patriot""",1
664,Love that joker by Rogueoner,1
665,"Joker, by Oliver Wetter Krueger",1
666,Joker Gallery by WiL-Woods,1
667,A quick video of my joker painting step by step,1
668,"""Joker Girls"" (Fan Art)",1
669,Joker inspired batsuit,1
670,Joker VS. Batman - after Krueger by fantasio,1
671,"HELP! I'm searching for this picture, without the bubble &amp; text.",1
672,Recomended reading?,1
673,Theater Locations for The Killing Joke,1
674,does anyone know where to get this?,1
675,I believe in Jared Leto (Joker looking extra frightening),1
676,Joker VS Sweet Tooth | DEATH BATTLE!,1
677,"Rick Ross, Skrillex, and The Joker",1
678,Joker Amalgam Contest,1
679,Joker+Thanos[The Laughing Titan],1
680,My try at the Clown Prince Of Crime...,1
681,DEATH BATTLE!: Joker VS Sweet Tooth,1
682,The Joker is Rorschach pt. 3 DC rebirth,1
683,The Comedian VS The Joker : whowouldwin,1
684,Injustice 2 a slight discussion.,1
685,Joker VS Sweet Tooth | DEATH BATTLE!,1
686,Looking for Joker themed keyboard cover.,1
687,Wedding Present from Sister in Law,1
688,Joker fan fiction,1
689,Joker drawing of mine.,1
690,The Joker is Rorschach pt. 2 DC Rebirth,1
691,What was the message the joker wanted to send,1
692,5 facts connecting the Joker and Rorschach.,1
693,The Joker is Rorschach,1
694,Non-confrontational statement from this podcast: Mark Hamill is THE JOKER,1
695,Looking for the best Joker comics that I've never heard of,1
696,Joker's Nicknames for the Bat Family : X-post from r/batman,1
697,Fan Fiction,1
698,My friends pitched in &amp; got me this for my B-Day! They like me! They really like me!!!! :),1
699,The Joker Silver Solder Fanart,1
700,"Jared Leto's Joker: the Mexican Cartel, his hammer, razor, emblem and Batman leggings (infographics)",1
701,The Joker Typeface Wallpaper,1
702,joker shirts,1
703,"Sketch+PhotoShop from ""The Killing Joke"" x-post from /batman",1
704,All of my joker drawings. Hand drawn. Sharpie and pencil,1
705,"[Rebirth Spoilers] So, how do you feel?",1
706,What is the Joker's origin story?,1
707,"[Rebirth spoilers] If you want to know something about Joker's background, enter, if you want him to stay mysterious, don't.",1
708,Suicide squad style trailer for a Joker fan film called The Padded Room,1
709,Joker by zeoarts,1
710,Joker comic airbrush painted skate deck,1
711,Joker vs Sweet Tooth,1
712,Joker by Ceasar Ian Muyuela,1
713,First Look At DC Comics Rebirth's Joker,1
714,sexy time by sibandit (Joker X Harley),1
715,Joker redesign I did,1
716,"Joker statue I got from the FCBD 2016 sale! I know it's only a 2nd edition, but I still like it.",1
717,Joker Body Paint TimeLapse,1
718,Joker by IsabellaManara,1
719,New shot of The Joker and Harley Quinn from Suicide Squad.,1
720,I believe in Jared Leto.,1
721,Just got my new laptop skin,1
722,New Six Flags video lets you experience the dizzying 'Joker' coaster,1
723,Who would love to see Mark Hamill as The Joker in a live-action movie?,1
724,My 6 Year Old Drew Me This Joker About A Year Ago So I Got It Tattooed On My Arm. He Also Did The Ha Ha's And His Signature.,1
725,JOKER &amp; HARLEY QUINN do date-night right.,1
726,Batman: The Killing Joke Official Trailer #2,1
727,In light of SS coming out soon,1
728,Not excited that DC is actually giving us Joker's backstory.,1
729,New Trailer for Suicide Squad!,1
730,Best shot from the new trailer IMO,1
731,I finally got my Joker keyset in the mail,1
732,Batman Black &amp; White: The Joker by Frank Miller Statue,1
733,The Joker by Derek Laufman,1
734,WarPod discusses The Killing Joke animated movie,1
735,Batman: The Killing Joke official teaser,1
736,The Killing Joke,1
737,Joker Harley 2016 by jmascia,1
738,Trying to find a specific comic...,1
739,Harley Quinn Wrestles The Joker! FanArt by Coqui Jams,1
740,The Joker and Harley Quinn‚ÄîStill a Better Love Story Than Twilight,1
741,Can someone help me figure out how to create the essential joker comic/graphic novel collection. I have some of the essentials,1
742,"""SMILE MORE"" - Oils on canvas - took about 20 hours with just a palette knife, patience , and a little anarchy.",1
743,Looking for relatively unknown Joker pictures and drawings.,1
744,Say That We're Sweetheart Again - Harley Quinn,1
745,I spent a lot of time improving my collection of the artists/comics Leto's Joker pays homage to that I posted here a week ago. I really hope you guys like this new version...!,1
746,Batfleck beats the teeth out of The Joker (OC),1
747,"Jared Leto's Joker pays homage to at least 5 different artists. (Did the comparisons for a friend, so I though, why not upload and share?)",1
748,How accurate is The Economist in comparing Donald Trump to The Joker?,1
749,the joker: The other side of the joke,1
750,Saturday Morning Breakfast Cereal #528 with the Joker,1
751,"New to the DC world and it is all a tad confusing, currently is Harley Quinn with Joker or Poison Ivy? Does Harley always end up returning to the Joker?",1
752,Joker: Bats in the Belfry by PeejayCatacutan,1
753,My Joker Cosplay,1
754,NEW tattoo on the Joker's shoulder! Plus a full guide to all his tattoos.,1
755,Joker New 52 ARTFX+ Statue by Kotobukiya,1
756,A Cute Couple of Villains by EddieHolly,1
757,The Clown Prince of Crime,1
758,HARLEY TINDER BATMAN T-SHIRT,1
759,Any Objections? by Nszerdy (Harley and Joker wedding),1
760,Great Joker(TDK) theory from /r/fantheories,1
761,So does everyone feel the same about Jared's Joker after the first two Suicide Squad trailers?,1
762,Harley Quinn Suicide Squad Makeup | Cosplay Body Paint,1
763,"Jack, Heath and Jared",1
764,Joker by sandara,1
765,BATMAN: DEATH OF A CITY - Official Teaser [HD],1
766,Has the Joker appeared in any new comics recently?,1
767,How Victor Hugo Helped Create The Joker,1
768,Warhol Style Ledger Joker Paintings I Made in High School,1
769,New Suicide Squad Trailer!,1
770,Joker stills from Suicide Squad Trailer,1
771,Trailer Music Suicide Squad [Extended],1
772,"Just my small collection I thought I'd share, any more recommendations?",1
773,My birthday gift from family,1
774,What are your thoughts on Jerome in Gotham? (SPOILERS),1
775,Joker Dog!!!!,1
776,FReaking Mad by RickCelis,1
777,Macaulay Culkin as the next Joker,1
778,"Jokes on you, Batman! - T-Shirt",1
779,Would anyone else be interested in seeing Mark Hamill reprise Heath Ledger's Joker in a Nolan sequel set 20+ years after the events of DKR?,1
780,nightmare of gotham by jiuge,1
781,What is your favorite version of the clown Prince of crime?,1
782,YO MAMA SO UGLY! The Joker,1
783,Joker credit card from 1989,1
784,"A peek into the social media activity of Harley Quinn, with a Snapchat from the Joker [crosspost from /r/batman]",1
785,Steampunk Joker by rebelakemi (Sandra Chang-Adair),1
786,Joker and Batgirl,1
787,Jingle Bells as sung by The Joker,1
788,Help with cosplay,1
789,Some Awesome Joker Stuff,1
790,Help finding Joker picture,1
791,Joker by alex-malveda,1
792,Made a short animated video for my Joker/Eva01 keyset,1
793,I think David Tennant would make a good Joker,1
794,I designed a Joker/Eva01 Set for mechanical keyboards with Cherry MX switches,1
795,Harley Quinn And Joker by alex-malveda,1
796,(the jokers) go insane;,1
797,The Crazy Kiss by Nathan Szerdy (Nszerdy),1
798,Am I the only one who would love to have Mark Hamill's Joker voice?,1
799,Recipe for Disaster! by JoelGomez,1
800,Beautiful?,1
801,My gf drew this on my galaxy note5. I was pretty impressed. Thought you guys might like it.,1
802,Makeup Artist Rick Baker transforms his family into various incarnations of The Joker (from Halloween),1
803,Killing Joke Hawaiian Shirt,1
804,The Joke Awakens - THE JOKER by RickCelis,1
805,"Did some quick photoshop practice last night, made Joker scars from scratch",1
806,I was the Joker for Halloween this year. Here's my attempt at Heath Ledger's famous hostage scene from TDK. Enjoy!,1
807,My take on the Joker this Halloween,1
808,"(X-Post from r/cosplay) Halloween Mashup. Heath Ledger ""Dark Knight"" Joker vs Ronald McDonald",1
809,Joker EMPIRE cover PNG by MessyPandas,1
810,New 52 joker,1
811,Halloween was a night of chaos,1
812,Why So Serious? by JELLYEMILY,1
813,What do you guys think about my take on The Joker?,1
814,My Suicide Squad costume from last night,1
815,I made a New 52 Joker costume for a Halloween Party.,1
816,The Joker Reads Fifty Shades of Grey [NSFW][x-post:/r/Batman],1
817,Tattoo template help?,1
818,Jared Leto on Playing The Joker: 'It Was Very Painful',1
819,New Image of Jared Leto's Joker on Empire Cover,1
820,"See 'Harley Quinn', 'The Joker', And More In Revealing New Stills From SUICIDE SQUAD",1
821,Props for a Joker costume?,1
822,Great Joker Illustration by Artist Michael Clarida,1
823,Joker of Two Worlds by RickCelis,1
824,How-To do Mark Hamill's The Joker Voice,1
825,"Made a tribute video to Joker (Dark Knight), whatcha think?",1
826,Batman and Rogues by AlonsoEspinoza (the Joker is in the forefront),1
827,"My order came in yesterday, and it was awesome!!!!",1
828,Joker and Harley by glencanlas,1
829,Joker by METSUSAN,1
830,Leto Joker - The Killing Joke,1
831,This very friendly gentleman convinced me not to throw my girlfriend out a window,1
832,[OC]The Joker and a Time Machine,1
833,"Hubba hubba hubba, money money money, who do you trust? [NYCC]",1
834,"Joker Music Video - "" I Can't Help To Smile At Your Pain """,1
835,Joker without makeup,1
836,Finally got the tattoo finished :),1
837,How The Joker has changed over the past 75 years : theCHIVE,1
838,"walk away, and let the forces of nature do their thing",1
839,Joker - Ben Templesmith (inks) &amp; Tony Moy[OC] (watercolor) Collaboration,1
840,Joker and Lobo walk into a con,1
841,Joker and Harley by SourAcid,1
842,Joker in The dark knight reminds me of Johnny Depp,1
843,[18F4M] Joker Roleplay (DARK THEMES),1
844,Chaos Wyrm vs Dark Knight by sandara,1
845,"so my brother does art and stuff, and he just created this.",1
846,The Joker by JasonsimArt,1
847,You can't make an omelet without breaking a few eggs,1
848,What did The Zero,1
849,"Why do so many people think the Joker doesn't have a backstory, when The Killing Joke is clearly his backstory?",1
850,"Harley Quinn Pin-up, digital paint by me",1
851,Best joker stories?,1
852,Calling all literary and psychology of Batman/Joker fans.,1
853,The Joker,1
854,Batman day? What kind of world do we live in where a guy dressed up like a bat gets all of my press?,1
855,"Browsing for stock art at work, found this...",1
856,Joker - Suicide Squad style by Namecchan,1
857,"Joker Chaoscaster, my second homemade guitar",1
858,Does anyone know where I can buy the jacket and this shirt?,1
859,"""The Red Hood"" - GTAO short",1
860,Got my first tattoo started :) what you guys think :),1
861,The Joker GTAO,1
862,joker suicide squad speed Painting video in 2 mins,1
863,First attempt at Jared Leto's Joker! Props to my gf's makeup skills!,1
864,I know your friends better,1
865,Is this the new Joker? I airbrushed this on a steel panel,1
866,I painted this joker hat for a huge fan!,1
867,The 7 Most Twisted Joker Moments in Comic Book History,1
868,"Hey guys, what do you think? I drew this earlier",1
869,Suicide Squad Trailer slowed down shows Joker beating someone with a pipe?,1
870,a spoiler filled review of brian azzarello's joker (as well as an explanation for why joker committing sexual assault isn't as negative for the character as people think),1
871,In regards to the killing joke ending.,1
872,"Here's a progress picture, guess who",1
873,They'll kill you for it,1
874,"Let me freshen up, darling",1
875,BEST Joker T-Shirt EVER!,1
876,Harley/Joker Arkham play update (for those who requested),1
877,who would win? batman vs superman,1
878,Leto JOKER Meets Affleck BATMAN (Parody) ‚Äì Superhero and Villain in Real Life ‚Äì Cosplay Spoof,1
879,My best friend/roommate Natalia is a super talented artist. She would never post this up because she is very humble but I think she deserves some love. I present to u my present that she made for me for my 28th birthday.,1
880,Joker Cosplay by TheJokezOnYou,1
881,Why so serious? [Explored] in Melbourne,1
882,It's raining laughs,1
883,Bane Plays Until Dawn,1
884,"Only 123 shopping days left, Bats!",1
885,Trailer Music Suicide Squad,1
886,Tattoo ideas?,1
887,Can anyone give me some ideas for a Joker inspired tattoo?,1
888,"Practiced my drawing, was in the mood for Joker",1
889,Punk Joker by Deputee [based off a cosplay],1
890,Heaths Joker diary,1
891,Inspiration to have Joker with tattoos could be Robert De Niro? : batman,1
892,"I made this motion comic a while ago. I was sitting in Starbucks and ""I've Got You Under My Skin"" started playing and got the Clown Prince of Crime on my mind, so I thought I might share this here. :)",1
893,Straight Outta Arkham... crazy motherf***er named Joker,1
894,Batman Arkham Trilogy: The Joker Tribute - Queen,1
895,A look inside Heath Ledger's diary for his role as The Joker.,1
896,Someone had to do it...,1
897,"LOL ""heroine""",1
898,Where can i get joker costumes?,1
899,So I drew the Joker...,1
900,Got my first tattoo! Credits to _alexbadea_ on instagram.,1
901,The Joker as portrayed in The Dark Knight was ranked number 7 on CineFix (one of the smartest YouTube channels out there)'s Top 10 Movie Villains of All Time,1
902,I did a Joker Sculpture and wanted to share it with you (credit u/MelAngEsc),1
903,"This is a very atmospheric, eerie playlist to listen while reading darker comic books (Batman: The Cult, The Killing Joke etc). Hope you enjoy it as much as I do!",1
904,da fuq?,1
905,"Congratulations, /r/Joker! You are Subreddit of the Day!",1
906,Crazy theory that just sparked in my mind,1
907,This is a selection of songs from comic-based TV shows. Hope you enjoy!,1
908,The Live Action Jokers Digital Art,1
909,Graphic Novels,1
910,Joaquin not the Joker?,1
911,"My ""Joker"" Movie Theory",1
912,The Joker amoled wallpaper,1
913,Joaquin Phoenix offers one final glimpse of The Joker on set as production wraps in New York City,1
914,Joaquin Phoenix Wraps Up Filming ‚ÄòJoker‚Äô in NY - He Finally Stops Running,1
915,Joaquin Phoenix as Arthur Fleck in The Joker (2019),1
916,Joker (crayons),1
917,Set photo of the Joker from the movie The Joker (2019) portrayed by Joaquin Phoenix.,1
918,"JOKER - Teaser Trailer (2019) Joaquin Phoenix, Robert De Niro, Zazie Beetz, DC Movie - Fan-made Concept Edit",1
919,Everything We Know about Joaquin's Joker Thus Far,1
920,Joker and moriarty,1
921,Why Gotham Season 5 probably WON'T feature The Joker,1
922,New Footage of Joaquin Phoenix Filming ‚ÄòJoker‚Äô in a Rainy NY Alley,1
923,Joker Hit By Car For Stunt Scene - Joaquin Phoenix in Full Makeup and Costume,1
924,What If He Looked Like That? @Bosslogic,1
925,Can‚Äôt find this comic. Please help.,1
926,JOKAH BABY goes for a walk,1
927,Joaquin Phoenix Joker Costume Dangerous Scene,1
928,JOKER: Gotham City PD Chases Down The Clown Prince Of Crime In New Set Photos,1
929,The most disturbing joker I‚Äôve ever seen.,1
930,The most disturbing joker ive ever seen,1
931,Joker tattoo by Eliel Mendes,1
932,Prediction: the new movie will be like Breaking Bad (spoilers?),1
933,Actors for the role?,1
934,Joaquin Phoenix as The Joker. Done in Procreate on my iPad Pro.,1
935,The Joker Sixth Scale Figure,1
936,The addition of the joker face completely changed the intended message on the break room dry-erase.,1
937,Jared Leto,1
938,Death of the family,1
939,"What's your favorite version of the Joker out of cinematic, comic book, and videogame versions?",1
940,"Halloween Edit, 2018.",1
941,Why Do We Love Villains?,1
942,Batman Ninja Netflix Movie Review,1
943,"No kidding! Remember, he's a criminal lunatic... but at least he's an AMERICAN criminal lunatic!",1
944,On set. Five minute break.,1
945,Smile,1
946,A little late but i thought u guys might like this. Not the best but im still proud.,1
947,"""I believe whatever doesn't kill you, simply makes you stranger!""",1
948,The Real Dark Knight Joker Creator (with makeup pic in comments and mask details),1
949,My Combination of Mr. J + Prince lyrics,1
950,Who can tell these joker laughing sounds where from?,1
951,Joker (1989),1
952,My Halloween Joker costume during my art show last weekend.,1
953,"The Joker, pencils drawing by Stephen Ward",1
954,Got inspired by the teaser for the upcoming joker movie :),1
955,Joker and other character by Tim Burton,1
956,Art by Vincent Van Gogh,1
957,Pastel Goth Joker,1
958,The Dark Knight Chronicles - Rise of the Joker,1
959,Debuted this cosplay the other night,1
960,Trunk or Treat üëª,1
961,Clown Royale Animation,1
962,Joaquin phoenix Joker,1
963,Joaquin Phoenix's JOKER Look May Have Been Lifted From Unused THE DARK KNIGHT Concept Art,1
964,Happy Birthday to Joaquin Phoenix!,1
965,Photo: No one knew who I was except for this one.,1
966,Fanmade Joker Transformation Graphic,1
967,"PHOTO: All the TDK heist masks, even a couple that didn‚Äôt make the final film.",1
968,Joker pushing people into water,1
969,GOTHAM: Cameron Monaghan's Jeremiah Goes Full Joker In This New Season 5 BTS Image,1
970,The Joker Returns (For Real This Time) in Batman Beyond,1
971,Joaquin Phoenix 2019 Joker Digital Art,1
972,ROGUE ONE Actor Alan Tudyk Will Voice The Joker In DC Universe HARLEY QUINN Animated Series,1
973,Joker Fan Art by Scarborough Tattoo Parlor,1
974,Joker &amp; Young Bruce Wayne,1
975,Todd Philips Joker Gets Its Alfred and a Young Bruce Wayne,1
976,Joker Fan Art by Valentina Glebova,1
977,Gotham's The Valeska Brothers Digital Art,1
978,Joker 2019 is OVER-HYPED! - REALITY,1
979,Brett Cullen as Thomas Wayne in Joker,1
980,"Exclusive: ‚ÄòJoker‚Äô Actor Shea Whigham Reveals Who He Plays, Teases Unique Filming Experience",1
981,Joker Tattoo by Scarborough‚Äôs Tattoo Parlor,1
982,Joaquin Phoenix Falls Hard While Filming ‚ÄòJoker‚Äô in NYC,1
983,Im hyped for the film but i just had a terrible thought,1
984,Fancraft Joker Bust in Resin,1
985,Joker - Ra's Al Ghul - Lazarus Pit,1
986,Really wish they approached the marketing of Joker more subtly,1
987,They all float,1
988,I drew the joker last night,1
989,Does anyone have this? I want it sooo bad!,1
990,"ü§° ‚ÄúThe Joker‚Äù ü§° Filming in Newark, NJ Starring: Joaquin Phoenix",1
991,New Joker picture teases serious trouble for Joaquin Phoenix's villain,1
992,Joaquin Phoenix cackles maniacally as he gets hauled away in a police car during Joker filming in New Jersey,1
993,Joaquin Phoenix's Joker Set Photos Seemingly Show a Big Plot Point,1
994,Joker smoking a cigarette while walking past cops,1
995,Cameron Monaghan is the best joker,1
996,This leaked photo reminded me of the scene from The King of Comedy. They say The Joker movie is inspired by The King of Comedy.,1
997,Joker - Joaquin Phoenix by Gabriel Soares,1
998,Joaquin Phoenix‚Äôs Joker Makes a Run for It While Filming,1
999,"Just got home from the Joker set, here in Newark, NJ.",1
1000,Joaquin Phoenix dons goofy clown make-up and costume as he films scenes for The Joker in NYC,1
1001,Made the joker out of duck tape,1
1002,Joker tattoo by Paul Johnson,1
1003,SR #16- The New Joker Movie Death (100th Video!),1
1004,Can someone remove the text from these HD pics of Joaquin Phoenix's Joker?,1
1005,New Tattoo I got on Tuesday! Done by @JoelJenkins,1
1006,Joker - The Years (Crosses),1
1007,First trailer finally out. Looks lit!!!,1
1008,Joker tattoo by Troy Slack Ink,1
1009,My first attempt to draw my favorite Joker with just my finger (No stylus),1
1010,My opinion on the WORST thing Joker has ever done,1
1011,Do I really look like a guy with a plan?,1
1012,Today There's Exactly One Year to Go Until the Joaquin Phoenix üÉè Joker Movie! üìΩüé¨,1
1013,Will Joaquin Phoenix make the Joker great again?,1
1014,Gotham‚Äôs Joker With His Smile,1
1015,A minor edit of the camera test Joker,1
1016,I Drew Joaquin Phoenix‚Äôs Joker! It took me a while and I got the pose from one of the set photos. What do you guys think?,1
1017,Amazing art of Joaquin‚Äôs joker,1
1018,We live in a society,1
1019,Makeup Inspiration for Halloween,1
1020,Drawing Joaquin phoenix's joker,1
1021,Joaquin Phoenix as The Joker!!,1
1022,Joaquin Phoenix as Joker (speedpaint by Varjopihlaja),1
1023,better j?,1
1024,True Love...,1
1025,Joker tattoo by Roman Kor,1
1026,Animating Joaquin Phoenix's Joker to the Dark Knight and 8mm,1
1027,A thought..,1
1028,Joker,1
1029,.,1
1030,"Have a laugh boy, for your end is near üÉè",1
1031,Why The Joker Origin Movie Will Be Great,1
1032,Love this design so much i needed to draw it (i know its probably not the offical look but it still looks mint) IG - @redunitink,1
1033,Time to fool the fools into thinking you‚Äôre the fool,1
1034,Can somebody try take the red off his nose and the fake red eyebrows off and tag me so I can see it,1
1035,Does any1 else think this new joker is gonna be a modern version of Ledger's joker?,1
1036,What I see when I see Joaquin's Joker... friendo.,1
1037,First look at Joaquin Phoenix as The Joker!!,1
1038,Found a few more Joker set pics on Instagram.,1
1039,[Nerdist] Tommy Wiseau‚Äôs ‚ÄúThe Dark Knight‚Äù,1
1040,I got this...,1
1041,Is anyone else a bit worried...?,1
1042,Joaquin Phoenix Joker Digital Art,1
1043,I fixed the Jokers makeup.,1
1044,Some movies to watch movies on the hype train,1
1045,The ‚ÄúComedian Suit‚Äù,1
1046,I‚Äôm so serious !!,1
1047,"I know some people are skeptical, but I know that I'm hyped.",1
1048,Joaquin in action,1
1049,[FAN-ART] Arthur Fleck / Joker,1
1050,I‚Äôm so excited for this movie :))))))),1
1051,Videos: First On Set Footage of Joaquin Phoenix's Joker Posted Today,1
1052,Jokers music taste,1
1053,Shouldnt he be like in his early 20s?,1
1054,Joker makeup test,1
1055,Joker's Wild: Scene One (with Joker impression),1
1056,Joaquin Phoenix‚Äôs Joker makeup revealed,1
1057,News: The Joker and Harley Spinoff Script is Complete,1
1058,Could the ‚ÄúPhoenix Joker‚Äù belong to the Nolan Universe?,1
1059,Joker,1
1060,Joker123 ‡πÇ‡∏à‡πä‡∏Å‡πÄ‡∏Å‡∏≠‡∏£‡πå123 ‡∏™‡∏•‡πá‡∏≠‡∏ï‡∏ó‡∏µ‡πà‡πÑ‡∏î‡πâ‡∏£‡∏±‡∏ö‡∏Ñ‡∏ß‡∏≤‡∏°‡∏ô‡∏¥‡∏¢‡∏°,1
1061,Plot of Movie,1
1062,Joker makeup speculation on how he becomes the Joker we know and love,1
1063,Joaquin Phoenix as The Joker,1
1064,Made some minor changes to make it a bit more haunting,1
1065,Another Joaquin Phoenix Joker photoshop,1
1066,Skills to kill...,1
1067,Hmm I think DC Universe is a tad off . . .,1
1068,Welcome to the amusement mile,1
1069,John MatrixX Talks Movies (@JohnTaks),1
1070,First official image of Joaquin Phoenix in Joker,1
1071,"A few weeks ago my friends and I did a few photoshoots of my Joker costumes. Sharing here in honor of Batman day, hope you guys enjoy!",1
1072,My by theory about the Joker's possible mental illnesses and personality disorders,1
1073,Top 10 Batman Arkham Villains,1
1074,Joker is always watching me,1
